Title,Link,Snippet
"Electronics Store: Tech, PC Parts, AI PC & More | Newegg",https://www.newegg.com/,"Shop Newegg today for all of your gaming, PC & technology needs. Don't miss today's best electronics deals with fast shipping & great customer service!"
Newegg Business,https://www.neweggbusiness.com/,"Shop NeweggBusiness.com for all your business tech needs! From workstations to servers, plus flexible payments & rewards—it's the perfect solution!"
Newegg Studios,https://www.youtube.com/user/newegg,"Welcome to Newegg Studios, the official destination from Newegg Media for all things tech, gaming, DIY, and beyond... Join our team of experts for exclusive ..."
Newegg,https://en.wikipedia.org/wiki/Newegg,"Newegg Commerce, Inc., is an American online retailer of items including computer hardware and consumer electronics. It is based in Diamond Bar, California."
Newegg UX Case Study,https://baymard.com/ux-benchmark/case-studies/newegg,UX case study of Newegg based on an exhaustive UX review across 452 design elements comparing Newegg against 250 other sites.
r/Newegg,https://www.reddit.com/r/Newegg/,It actually lasted 5 minutes.. I'm shocked considering it's been averaging legitimately 15 seconds everywhere else the past 2 weeks. Thank goodness I actually ...
Newegg - Tech Shopping Online - Apps on Google Play,https://play.google.com/store/apps/details?id=com.newegg.app&hl=en_US,Upgrade your online shopping with Newegg! We are the largest electronics e-retailer in North America and we sell millions of products in 50 countries ...
Avoid buying on Newegg? :: Hardware and Operating ...,https://steamcommunity.com/discussions/forum/11/2793871682808206623/?l=hungarian,Otherwise you should be 100% fine buying directly from them or even 3rd party sellers as your payment option such as with a credit card will overrule their ...
Newegg,https://www.facebook.com/Newegg/,"Since 2001, Newegg has been the premier destination for the latest tech and PC hardware in North America and offer customers around the globe millions of ..."
newegg • Instagram photos and videos,https://www.instagram.com/newegg/?hl=en,"Tomorrow's Tech, Delivered Today! Tag #neweggbuilds & share your PC. Shop NOW & Enter GIVEAWAYS ⤵ · 2,094 posts · 369,469 followers · 264 following ..."
Seller Newegg Inc.,https://business.walmart.com/seller/101353918?itemId=881519596&pageName=item&returnUrl=%2Fip%2FIP-PHONE-7821-FOR-3RD-PARTY-CALL-CONTROL%2F881519596%3FclassType%3DREGULAR,"Newegg is consistently ranked as one of the best online shopping destinations, and the company regularly earns industry-leading customer service ratings. Newegg ..."
Newegg | eBay Stores,https://www.ebay.com/str/newegg,"Founded in 2001, Newegg began selling PC components and helped popularize the PC-building movement, and in doing so, developed a cult following among PC and ..."
"Newegg, Inc.",https://www.tiktok.com/@newegg?lang=en,"Build a PC the easy way with ABS PC Starter Kits. Each kit includes a CPU, motherboard and CPU cooler, all preassembled for easy installation."
Newegg,https://www.twitch.tv/newegg,"Newegg is your #1 spot for all the hottest deals on the newest tech! Welcome to our Twitch where we talk tech, share the latest deals, play games, ..."
Newegg | Manage Account or Apply,https://www.synchrony.com/marketplace/partner?market=electronics&store=newegg,"Apply for or manage your Newegg credit card, make a payment, view account balance, see special offers and more."
